timestamp,open,high,low,close,volume,close_time,quote_volume,trades,taker_buy_base,taker_buy_quote,ignore
2024-10-21 05:00:00,69039.0,69185.18,68951.27,68979.97,590.83933,1729490399999,40805399.79450390,78749,235.53883000,16268553.86886410,0
2024-10-21 06:00:00,68979.96,69146.51,68639.9,68699.36,697.48997,1729493999999,48109698.83358280,96884,283.69960000,19569097.89826860,0
2024-10-21 07:00:00,68699.36,68799.95,68488.33,68514.0,822.48063,1729497599999,56457314.61102920,148519,369.07165000,25336925.08176280,0
2024-10-21 08:00:00,68513.99,68661.0,68290.04,68301.46,1026.84906,1729501199999,70318515.35481600,121833,347.83691000,23822488.92455140,0
2024-10-21 09:00:00,68301.47,68426.0,68119.01,68378.0,1084.12302,1729504799999,74042612.94322040,154840,443.96242000,30326179.77690510,0
2024-10-21 10:00:00,68377.99,68482.87,68261.61,68281.49,1318.07234,1729508399999,90154392.51752320,104832,582.29380000,39835099.06079040,0
2024-10-21 11:00:00,68281.5,68434.0,68169.02,68238.01,815.1721,1729511999999,55678055.89474240,112598,343.76074000,23480509.27601650,0
2024-10-21 12:00:00,68238.0,68328.68,68046.0,68207.27,885.71411,1729515599999,60390997.08444350,123828,333.58913000,22748503.29546790,0
2024-10-21 13:00:00,68207.26,68242.0,67152.0,67312.0,5358.21525,1729519199999,362448072.80765320,413584,1538.61245000,104021678.39074150,0
2024-10-21 14:00:00,67312.01,67620.25,67020.0,67268.0,3713.85728,1729522799999,250050972.53900710,354163,1419.22580000,95577820.18428010,0
2024-10-21 15:00:00,67268.0,67347.96,66840.67,67341.02,2856.87172,1729526399999,191469203.95289390,287707,1505.12329000,100883123.68125390,0
2024-10-21 16:00:00,67341.02,67344.0,66894.0,67327.0,1382.94149,1729529999999,92826175.92086380,206228,667.47651000,44806942.28731570,0
2024-10-21 17:00:00,67326.99,67669.62,67260.0,67526.01,1640.03756,1729533599999,110754101.25809450,185288,858.00580000,57937101.13962860,0
2024-10-21 18:00:00,67526.0,67526.01,67035.04,67335.05,1277.99748,1729537199999,85990284.98795690,161211,601.99046000,40504866.95614250,0
2024-10-21 19:00:00,67335.05,67941.17,67335.01,67763.0,1240.18922,1729540799999,83905210.40031700,181036,658.93159000,44578206.32844460,0
2024-10-21 20:00:00,67763.99,67818.19,67624.18,67749.99,494.38709,1729544399999,33472706.85268780,93359,207.26843000,14033516.43738340,0
2024-10-21 21:00:00,67750.0,67933.79,67688.14,67803.21,389.90719,1729547999999,26439411.48426860,64593,168.26682000,11409350.07569250,0
2024-10-21 22:00:00,67803.21,67878.78,67602.84,67781.07,544.89463,1729551599999,36919473.10869830,90728,199.86065000,13540609.57861050,0
2024-10-21 23:00:00,67781.07,67781.08,67366.66,67377.5,662.80013,1729555199999,44753167.97829710,86730,198.48321000,13401607.07268820,0
2024-10-22 00:00:00,67377.5,67406.5,66571.42,67149.73,2276.06378,1729558799999,152417515.72825110,293095,994.91436000,66620900.86750430,0
2024-10-22 01:00:00,67149.73,67538.0,67050.0,67508.29,826.66904,1729562399999,55689722.27568620,175833,423.06911000,28498922.20028850,0
2024-10-22 02:00:00,67508.29,67694.92,67269.32,67317.23,876.23526,1729565999999,59183544.60647960,113554,428.57733000,28953330.53629420,0
2024-10-22 03:00:00,67317.23,67553.34,67300.55,67390.02,551.26328,1729569599999,37151669.39003130,73881,242.65330000,16353008.94852650,0
2024-10-22 04:00:00,67390.01,67493.35,67278.02,67493.34,386.13539,1729573199999,26020681.06001560,50419,186.77119000,12585346.65786740,0
2024-10-22 05:00:00,67493.35,67642.23,67452.05,67579.99,605.65686,1729576799999,40927654.28252800,63073,286.46446000,19358023.63328460,0
2024-10-22 06:00:00,67579.99,67800.0,67572.0,67572.01,992.83241,1729580399999,67233660.44565380,96701,591.11485000,40032902.26357260,0
2024-10-22 07:00:00,67572.0,67696.97,67386.04,67402.0,598.06763,1729583999999,40398332.17077280,66169,316.16769000,21354880.01607890,0
2024-10-22 08:00:00,67402.0,67402.14,66900.0,66934.07,1660.35676,1729587599999,111444969.47599280,177245,621.81331000,41730424.19191060,0
2024-10-22 09:00:00,66934.08,67127.71,66740.0,66960.02,1798.41018,1729591199999,120332796.03220930,231211,838.01100000,56080937.28283140,0
2024-10-22 10:00:00,66960.02,67240.0,66868.53,67184.56,1590.12437,1729594799999,106627045.55768260,141424,908.43056000,60909322.22455130,0
2024-10-22 11:00:00,67184.56,67526.67,67166.95,67299.15,904.03864,1729598399999,60888934.05977410,135124,455.74191000,30696718.29382810,0
2024-10-22 12:00:00,67299.15,67474.23,66860.0,66984.0,964.61675,1729601999999,64727172.00304520,178712,442.81717000,29715744.88584470,0
2024-10-22 13:00:00,66984.0,67175.0,66644.18,66998.21,1827.6462,1729605599999,122328246.60531810,319472,817.38809000,54724371.71155020,0
2024-10-22 14:00:00,66998.21,67686.67,66828.0,67559.03,2285.92003,1729609199999,153976791.98781040,480329,1305.02249000,87917513.64273600,0
2024-10-22 15:00:00,67559.03,67693.34,67105.65,67282.27,1155.40221,1729612799999,77838282.45725780,235042,513.89962000,34619070.80594410,0
2024-10-22 16:00:00,67282.27,67282.28,66920.0,66966.07,968.42904,1729616399999,64947578.81412210,185331,405.16856000,27166540.53203780,0
2024-10-22 17:00:00,66966.06,67435.0,66946.5,67331.58,952.92437,1729619999999,64080085.00247450,166659,631.78115000,42475263.89655800,0
2024-10-22 18:00:00,67331.58,67534.19,67246.79,67385.0,1006.37813,1729623599999,67847475.23607370,119132,729.79487000,49198812.21786580,0
2024-10-22 19:00:00,67385.0,67635.72,67343.81,67482.98,701.61513,1729627199999,47369592.34439560,116623,376.37401000,25407524.02466000,0
2024-10-22 20:00:00,67482.99,67575.57,67422.12,67532.0,447.5872,1729630799999,30217348.75499190,69738,302.86469000,20447810.20560300,0
2024-10-22 21:00:00,67532.0,67550.0,67415.3,67534.85,244.98103,1729634399999,16524654.70247460,37064,138.66855000,9352929.32803770,0
2024-10-22 22:00:00,67534.85,67836.01,67491.05,67724.0,618.02795,1729637999999,41829112.07211420,81361,303.17969000,20520147.45599830,0
2024-10-22 23:00:00,67724.0,67773.94,67292.0,67426.0,359.58104,1729641599999,24282926.59540040,62099,139.83061000,9440443.41649970,0
2024-10-23 00:00:00,67426.01,67472.83,67130.43,67179.13,577.86445,1729645199999,38856655.94929450,129987,259.03621000,17418389.77957100,0
2024-10-23 01:00:00,67179.13,67386.94,67179.13,67348.46,393.55985,1729648799999,26483283.42330240,71709,195.69149000,13166942.21772700,0
2024-10-23 02:00:00,67348.46,67386.93,67068.28,67096.0,581.36673,1729652399999,39062967.26570060,94457,200.62056000,13482233.95647130,0
2024-10-23 03:00:00,67095.99,67180.92,66890.0,67082.1,639.25878,1729655999999,42838409.11328390,111648,280.36798000,18787741.28228520,0
2024-10-23 04:00:00,67082.1,67249.84,66999.99,67217.48,515.38779,1729659599999,34598962.38305570,65328,286.67975000,19249765.03158070,0
2024-10-23 05:00:00,67217.48,67227.59,67042.44,67087.06,344.91746,1729663199999,23151627.71247260,75447,121.62681000,8165197.27482620,0
2024-10-23 06:00:00,67087.06,67302.83,66904.18,66917.55,734.38739,1729666799999,49287592.03190770,79014,363.58103000,24408766.35918910,0
2024-10-23 07:00:00,66917.55,67000.77,66800.0,66852.34,610.35202,1729670399999,40833683.36521950,130989,283.71170000,18980619.64385670,0
2024-10-23 08:00:00,66852.33,67048.0,66415.62,66530.0,1433.79395,1729673999999,95657736.92673060,180649,599.24502000,40013527.14361210,0
2024-10-23 09:00:00,66530.0,66602.35,66200.0,66516.0,1401.02255,1729677599999,93054669.33967290,214371,708.65325000,47074934.77153280,0
2024-10-23 10:00:00,66515.99,66643.5,66397.37,66398.19,898.8687,1729681199999,59797630.51723200,108861,279.39244000,18588797.93741900,0
2024-10-23 11:00:00,66398.18,66600.0,66276.04,66414.0,944.47823,1729684799999,62757098.76014540,104457,387.03602000,25716990.20576030,0
2024-10-23 12:00:00,66414.0,66512.11,66105.0,66416.72,1715.78782,1729688399999,113832526.95689930,185646,730.49539000,48474227.90615760,0
2024-10-23 13:00:00,66416.72,66910.15,66340.4,66800.0,1214.4722,1729691999999,80909674.01305400,231298,661.82676000,44103535.71718980,0
2024-10-23 14:00:00,66799.99,66878.79,66433.0,66490.0,1221.12677,1729695599999,81399412.22010750,239973,606.33319000,40429644.16357740,0
2024-10-23 15:00:00,66489.99,66492.0,65923.01,66223.44,2404.06932,1729699199999,159055614.88769630,332222,1091.14028000,72200470.65356930,0
2024-10-23 16:00:00,66223.45,66288.0,65801.0,65878.02,1896.31971,1729702799999,125142857.19478370,353502,911.56541000,60168986.63948720,0
2024-10-23 17:00:00,65878.02,65989.97,65637.0,65723.32,1676.39017,1729706399999,110267325.25842300,249615,791.62274000,52071189.66599220,0
2024-10-23 18:00:00,65723.31,66070.26,65260.0,66057.79,2506.24902,1729709999999,164363547.78061710,304226,1236.53048000,81132202.56552680,0
2024-10-23 19:00:00,66057.78,66573.58,65872.0,66472.0,1668.71629,1729713599999,110558973.78253510,234796,879.79354000,58304451.03461950,0
2024-10-23 20:00:00,66472.0,66680.0,66338.99,66669.0,727.46539,1729717199999,48379624.33160420,93720,371.13799000,24686168.50260020,0
2024-10-23 21:00:00,66668.99,66683.34,66362.15,66414.01,372.21879,1729720799999,24751920.09566190,61603,136.33746000,9065179.51170310,0
2024-10-23 22:00:00,66414.0,66575.76,66351.58,66472.96,462.35838,1729724399999,30735987.73502780,76978,173.61657000,11540626.53889710,0
2024-10-23 23:00:00,66472.95,66807.37,66460.0,66668.65,589.80894,1729727999999,39323649.87431890,76869,332.29788000,22154046.60753440,0
2024-10-24 00:00:00,66668.65,67476.11,66510.0,67432.01,1333.57278,1729731599999,89340730.36241990,184882,864.69728000,57956063.83964090,0
2024-10-24 01:00:00,67432.0,67612.12,67058.03,67268.17,1439.99436,1729735199999,97001964.26222530,220229,725.93869000,48916094.73415510,0
2024-10-24 02:00:00,67268.17,67507.6,67157.09,67459.63,789.12141,1729738799999,53146325.04990990,160900,361.58923000,24355620.49977590,0
2024-10-24 03:00:00,67459.63,67474.29,67213.15,67213.16,506.44407,1729742399999,34112768.14194370,87442,146.59291000,9873639.58165420,0
2024-10-24 04:00:00,67213.16,67442.33,67210.26,67382.19,546.25312,1729745999999,36771419.01004460,65475,271.55155000,18279776.10075990,0
2024-10-24 05:00:00,67382.2,67479.55,67353.14,67364.0,403.43455,1729749599999,27193651.34376570,59060,188.33719000,12694453.11928920,0
2024-10-24 06:00:00,67364.01,67475.0,67117.78,67119.99,641.23642,1729753199999,43189892.25279430,81947,249.86840000,16834250.86820830,0
2024-10-24 07:00:00,67119.99,67321.16,67068.75,67123.08,577.32243,1729756799999,38795807.87299360,118280,252.90328000,16994101.13343340,0
2024-10-24 08:00:00,67123.09,67260.61,66850.0,66852.87,633.54945,1729760399999,42491042.72732360,125269,275.18747000,18464170.77476560,0
2024-10-24 09:00:00,66852.88,67005.61,66700.0,66876.0,1136.78891,1729763999999,76007403.28492960,170686,353.83302000,23664688.18253620,0
2024-10-24 10:00:00,66875.99,67123.0,66852.04,66999.99,1079.75886,1729767599999,72323112.68857460,106360,407.08682000,27270490.55744410,0
2024-10-24 11:00:00,67000.0,67322.26,66989.92,67285.99,777.47807,1729771199999,52237982.95329660,113426,300.43906000,20184613.32657480,0
2024-10-24 12:00:00,67286.0,67612.48,67262.0,67517.75,921.95126,1729774799999,62158376.14249990,157696,543.67746000,36657479.47674710,0
2024-10-24 13:00:00,67517.76,67998.0,67450.0,67905.99,1900.54444,1729778399999,128706131.11417560,366568,1044.10266000,70712175.73582730,0
2024-10-24 14:00:00,67906.0,67980.0,67529.18,67786.27,1490.59296,1729781999999,100985700.11169110,351715,675.22931000,45750986.96449550,0
2024-10-24 15:00:00,67786.27,67972.0,67600.0,67701.22,1243.60288,1729785599999,84296613.69433960,255762,754.53441000,51146071.22076180,0
2024-10-24 16:00:00,67701.21,67793.34,67350.01,67574.14,888.58253,1729789199999,60071899.11076690,202230,475.57909000,32160405.44734110,0
2024-10-24 17:00:00,67574.15,67859.5,67460.0,67653.44,789.36736,1729792799999,53410658.43315290,139571,521.34728000,35278590.60482470,0
2024-10-24 18:00:00,67653.45,67958.0,67627.5,67832.0,687.80118,1729796399999,46645547.93545330,120236,393.52710000,26687047.15030120,0
2024-10-24 19:00:00,67831.99,68323.0,67732.54,68309.79,1652.44687,1729799999999,112561716.83191310,182714,1043.65551000,71081843.58548300,0
2024-10-24 20:00:00,68309.79,68341.64,67978.04,68196.0,946.04241,1729803599999,64493507.08239280,111279,528.06555000,36006688.34079930,0
2024-10-24 21:00:00,68196.0,68850.0,68196.0,68348.01,1198.62429,1729807199999,82137992.25951070,202227,634.57603000,43481917.95723810,0
2024-10-24 22:00:00,68348.0,68557.99,68183.78,68183.78,563.32651,1729810799999,38519594.92083960,135265,283.12594000,19361500.29923010,0
2024-10-24 23:00:00,68183.78,68264.97,68055.75,68198.28,442.00165,1729814399999,30136483.32598110,78243,207.13990000,14123727.02345920,0
2024-10-25 00:00:00,68198.27,68286.56,67903.0,67989.27,603.33465,1729817999999,41076376.88308200,141511,250.43454000,17049087.81481120,0
2024-10-25 01:00:00,67989.26,68010.01,67845.01,67969.7,508.33758,1729821599999,34523318.87568090,100046,215.13343000,14611078.36721860,0
2024-10-25 02:00:00,67969.7,68080.0,67836.0,68066.99,478.05039,1729825199999,32501925.03456650,83245,212.69719000,14462399.94754280,0
2024-10-25 03:00:00,68066.99,68234.34,67989.55,68008.0,513.74526,1729828799999,34992171.73082820,68721,195.90098000,13345628.60611790,0
2024-10-25 04:00:00,68007.99,68045.36,67691.44,67744.0,757.84685,1729832399999,51399934.11300350,113448,261.73504000,17749261.40881960,0
2024-10-25 05:00:00,67744.01,67875.08,67574.92,67757.21,688.27431,1729835999999,46625620.04746750,69290,280.43905000,19003334.72868720,0
2024-10-25 06:00:00,67757.21,67860.0,67596.92,67646.21,555.06302,1729839599999,37586730.64473510,71027,271.99758000,18418474.96300920,0
2024-10-25 07:00:00,67646.21,67727.3,67250.0,67531.97,1238.06394,1729843199999,83519788.61791700,132253,574.36986000,38752033.73219320,0
2024-10-25 08:00:00,67531.96,67757.58,67286.28,67658.5,931.52642,1729846799999,62932051.08730450,124312,468.77770000,31665805.99879010,0
2024-10-25 09:00:00,67658.49,67878.0,67524.91,67837.28,1010.31439,1729850399999,68370138.11908460,133491,474.66176000,32125540.80348070,0
2024-10-25 10:00:00,67837.29,67878.76,67678.0,67855.23,456.55528,1729853999999,30958027.34175770,86971,222.86582000,15111924.75156850,0
2024-10-25 11:00:00,67855.23,68183.78,67801.21,68105.79,1034.19925,1729857599999,70319294.77366180,142858,719.60352000,48924122.57197760,0
2024-10-25 12:00:00,68105.79,68294.92,67959.68,68061.9,658.31277,1729861199999,44843483.70989910,129656,288.84850000,19679892.11332220,0
2024-10-25 13:00:00,68061.89,68427.62,67737.61,68334.0,1218.60277,1729864799999,82937714.33170700,237943,586.31293000,39907836.99332840,0
2024-10-25 14:00:00,68334.01,68771.49,68140.0,68311.31,2041.27174,1729868399999,139785436.84530770,416308,1044.35983000,71513085.26689510,0
2024-10-25 15:00:00,68311.3,68543.3,67429.87,67690.01,2145.61355,1729871999999,146124718.01282170,407901,939.48153000,64000306.49439500,0
2024-10-25 16:00:00,67690.01,67890.52,67355.0,67670.0,1661.39602,1729875599999,112415797.93354140,343584,821.79443000,55621193.94705230,0
2024-10-25 17:00:00,67669.99,67814.0,66770.7,66836.01,2503.52003,1729879199999,168265521.86281910,371632,921.87740000,61984514.93320050,0
2024-10-25 18:00:00,66836.0,67585.87,66006.6,67026.61,6126.68051,1729882799999,409385826.72242550,672951,2783.47035000,186102350.53876620,0
2024-10-25 19:00:00,67026.62,67237.01,66618.58,66850.0,2527.96506,1729886399999,169236133.13801250,398268,1328.47052000,88937304.07290160,0
2024-10-25 20:00:00,66849.99,67034.36,66620.38,66937.99,1056.82465,1729889999999,70632483.95996460,237703,514.92899000,34419873.67017930,0
2024-10-25 21:00:00,66938.0,67297.9,66938.0,67297.9,482.54189,1729893599999,32385738.00323080,110931,273.41496000,18351494.36366230,0
2024-10-25 22:00:00,67297.89,67392.52,66618.01,66626.42,660.45329,1729897199999,44274173.00334010,139207,268.42358000,17999471.58494480,0
2024-10-25 23:00:00,66626.43,66800.0,65596.29,66698.33,4621.21763,1729900799999,305575030.50109510,599336,2111.03251000,139611441.48209930,0
2024-10-26 00:00:00,66698.32,66859.76,66546.67,66736.0,1351.31462,1729904399999,90161533.39139520,308575,702.84563000,46896064.27613620,0
2024-10-26 01:00:00,66736.0,66816.0,66543.46,66711.99,750.17007,1729907999999,50011583.15217810,165974,385.09554000,25674658.47336280,0
2024-10-26 02:00:00,66711.99,67050.2,66439.9,66847.18,1008.27108,1729911599999,67366316.88439870,191009,533.63278000,35663276.00435580,0
2024-10-26 03:00:00,66847.19,66988.0,66700.0,66914.0,575.24971,1729915199999,38454571.45426210,114365,274.25810000,18335402.83177410,0
2024-10-26 04:00:00,66914.0,66994.31,66784.26,66948.07,396.3471,1729918799999,26522923.33881270,76476,164.61004000,11017626.74391540,0
2024-10-26 05:00:00,66948.06,67223.92,66944.0,67132.0,545.64975,1729922399999,36618340.46816570,91912,300.48259000,20164905.80224580,0
2024-10-26 06:00:00,67131.99,67240.02,67047.54,67170.03,336.9155,1729925999999,22623389.28385810,73323,149.98296000,10072766.76827070,0
2024-10-26 07:00:00,67170.03,67186.0,66995.61,67007.99,349.95281,1729929599999,23473966.59736250,69045,129.55789000,8689996.25223940,0
2024-10-26 08:00:00,67007.99,67175.31,66997.52,67134.65,218.43166,1729933199999,14656287.57844280,58649,101.41606000,6804353.34634530,0
2024-10-26 09:00:00,67134.65,67264.34,67054.75,67054.75,343.50673,1729936799999,23066806.03097180,74713,151.95228000,10205994.07088480,0
2024-10-26 10:00:00,67054.76,67177.38,66994.31,67053.96,434.19227,1729940399999,29130246.00714960,63546,208.68277000,14001394.52052350,0
2024-10-26 11:00:00,67053.95,67162.81,66953.02,67138.0,495.74422,1729943999999,33248773.72682390,82906,304.72522000,20440700.98438180,0
2024-10-26 12:00:00,67138.0,67180.0,67006.47,67034.11,279.60201,1729947599999,18753556.93214260,51958,104.91753000,7036391.44818450,0
2024-10-26 13:00:00,67034.12,67118.0,66867.96,66894.0,987.30125,1729951199999,66131290.87499200,115415,516.38172000,34597455.36496320,0
2024-10-26 14:00:00,66894.0,66953.28,66744.0,66797.99,703.64163,1729954799999,47021493.32514670,179434,364.12196000,24332236.73189260,0
2024-10-26 15:00:00,66797.99,67010.0,66762.57,66886.49,640.23767,1729958399999,42828747.20099030,143575,332.13795000,22219422.17642430,0
2024-10-26 16:00:00,66886.49,67053.61,66788.0,66979.99,625.33027,1729961999999,41847209.39797160,88347,398.98974000,26706416.88775760,0
2024-10-26 17:00:00,66980.0,67140.0,66970.0,67062.0,272.94127,1729965599999,18302192.18308710,67847,152.26648000,10210324.08625390,0
2024-10-26 18:00:00,67062.01,67143.64,67027.14,67042.0,202.36147,1729969199999,13576754.79320800,69793,107.60207000,7219400.14888730,0
2024-10-26 19:00:00,67042.0,67181.82,67042.0,67177.99,217.67147,1729972799999,14608571.77338250,63183,113.34325000,7606687.06734190,0
2024-10-26 20:00:00,67178.0,67454.55,67144.0,67265.46,470.54756,1729976399999,31670090.22977450,88674,318.55155000,21441125.66468460,0
2024-10-26 21:00:00,67265.46,67272.0,67103.45,67176.82,264.93924,1729979999999,17798111.57236080,46169,84.61075000,5685168.37856730,0
2024-10-26 22:00:00,67176.82,67235.69,67106.43,67132.0,179.60762,1729983599999,12063740.21601240,54513,87.73763000,5892867.66257460,0
2024-10-26 23:00:00,67132.0,67149.53,67084.0,67092.76,192.98072,1729987199999,12950550.73500230,34100,81.28737000,5455144.46132700,0
2024-10-27 00:00:00,67092.76,67118.12,66974.0,67014.85,210.483,1729990799999,14109523.11455360,52496,75.48025000,5060446.05260090,0
2024-10-27 01:00:00,67014.85,67127.49,66913.73,67074.94,281.57477,1729994399999,18870444.95285330,62547,146.77140000,9839766.52273090,0
2024-10-27 02:00:00,67074.94,67116.44,67024.32,67054.0,143.14834,1729997999999,9600204.41462730,44470,88.52542000,5937068.64784340,0
2024-10-27 03:00:00,67054.0,67325.46,67000.0,67289.57,350.83558,1730001599999,23568271.20858200,67382,256.49740000,17231460.12762050,0
2024-10-27 04:00:00,67289.57,67317.78,67120.0,67160.0,182.1555,1730005199999,12245316.05371620,52331,85.62627000,5756529.64224550,0
2024-10-27 05:00:00,67160.0,67213.99,67149.79,67181.82,217.69434,1730008799999,14625352.57431610,32125,118.20383000,7940507.09566260,0
2024-10-27 06:00:00,67181.81,67186.0,67128.0,67186.0,110.32857,1730012399999,7409047.84665070,26298,49.65479000,3334443.84948050,0
2024-10-27 07:00:00,67186.0,67230.67,67184.94,67204.01,158.77541,1730015999999,10669854.71562750,20741,65.41826000,4396183.81188930,0
2024-10-27 08:00:00,67204.0,67266.49,67168.5,67226.0,205.47642,1730019599999,13812622.62133270,41275,95.13764000,6395010.61775290,0
2024-10-27 09:00:00,67226.0,67226.0,67101.04,67149.45,309.3096,1730023199999,20770319.26518850,52454,93.92751000,6306865.44471980,0
2024-10-27 10:00:00,67149.44,67194.0,67072.64,67088.0,279.44594,1730026799999,18757209.49084440,42042,110.02134000,7385803.20514780,0
2024-10-27 11:00:00,67088.0,67185.03,67036.85,67128.04,295.19627,1730030399999,19813737.46263610,49544,174.29349000,11700721.51259650,0
2024-10-27 12:00:00,67128.03,67500.0,67121.45,67400.0,568.19545,1730033999999,38282575.14159610,98452,335.36599000,22594945.42831170,0
2024-10-27 13:00:00,67399.99,67776.99,67396.0,67616.0,702.21189,1730037599999,47485838.32388380,171056,389.86791000,26360827.68880470,0
2024-10-27 14:00:00,67616.0,67750.0,67608.0,67695.99,354.20285,1730041199999,23974379.24609810,96812,172.27777000,11660384.22147850,0
2024-10-27 15:00:00,67696.0,67858.0,67693.72,67791.99,436.88107,1730044799999,29606054.05195990,79751,199.94581000,13550786.50266250,0
2024-10-27 16:00:00,67792.0,67878.79,67662.0,67828.0,421.72819,1730048399999,28579727.01222250,92317,195.03663000,13217397.58805570,0
2024-10-27 17:00:00,67828.0,68000.0,67722.56,67759.7,559.95827,1730051999999,37995444.97280790,107624,313.92933000,21303800.12355660,0
2024-10-27 18:00:00,67759.7,67771.51,67540.88,67560.0,381.72644,1730055599999,25824727.65478410,79501,134.06499000,9071593.63086680,0
2024-10-27 19:00:00,67560.0,67850.0,67554.0,67850.0,273.26642,1730059199999,18506265.43474010,84200,165.97986000,11240832.17333020,0
2024-10-27 20:00:00,67850.0,67921.26,67688.09,67762.01,281.50714,1730062799999,19090771.01206570,61902,114.65585000,7776212.50299660,0
2024-10-27 21:00:00,67762.0,68195.11,67740.1,67930.01,545.91543,1730066399999,37116946.51405050,101407,348.51025000,23699393.77973910,0
2024-10-27 22:00:00,67930.02,68332.05,67930.02,68124.0,969.56799,1730069999999,66102746.43515910,171430,497.93277000,33947273.13957680,0
2024-10-27 23:00:00,68124.0,68290.0,67988.0,68021.7,413.61104,1730073599999,28188768.95018470,83832,190.61144000,12991413.68876950,0
2024-10-28 00:00:00,68021.69,68116.78,67839.9,67859.91,555.35912,1730077199999,37756129.81953250,145225,281.12098000,19113044.72922260,0
2024-10-28 01:00:00,67859.9,67907.2,67740.11,67751.89,304.90747,1730080799999,20676332.06087340,89536,126.71377000,8592886.72625990,0
2024-10-28 02:00:00,67751.89,67860.0,67677.77,67803.99,438.3259,1730084399999,29708115.98961460,103529,237.39301000,16088658.93634940,0
2024-10-28 03:00:00,67804.0,67991.28,67700.51,67727.59,449.9157,1730087999999,30522116.73416450,92240,166.84789000,11320971.47507110,0
2024-10-28 04:00:00,67727.59,67800.0,67636.44,67744.29,490.56951,1730091599999,33220339.10481830,77011,185.81846000,12582752.68576310,0
2024-10-28 05:00:00,67744.3,67964.1,67618.0,67909.85,354.11541,1730095199999,23995923.74798800,81533,146.68614000,9941996.48557750,0
2024-10-28 06:00:00,67909.85,67959.15,67800.0,67959.15,467.50971,1730098799999,31735743.39892700,73439,163.90005000,11125804.50919290,0
2024-10-28 07:00:00,67959.15,68680.0,67959.15,68415.52,1916.25094,1730102399999,131150240.67618180,272360,915.03935000,62611745.53118880,0
2024-10-28 08:00:00,68415.52,68596.0,68328.0,68328.0,660.792,1730105999999,45227517.26566340,112412,344.07399000,23551469.51370360,0
2024-10-28 09:00:00,68328.0,68614.09,68238.81,68574.0,636.96149,1730109599999,43557112.73670630,103819,346.04347000,23663367.71400400,0
2024-10-28 10:00:00,68573.99,68833.57,68548.0,68625.87,785.04653,1730113199999,53929412.63548410,111499,400.21692000,27496204.07136630,0
2024-10-28 11:00:00,68625.86,68768.57,68490.0,68753.78,586.05532,1730116799999,40246896.82375980,100746,241.74685000,16603158.96637640,0
2024-10-28 12:00:00,68753.78,69063.62,68590.0,68908.01,1872.43757,1730120399999,129004325.53978890,279804,1023.68543000,70534576.65095540,0
2024-10-28 13:00:00,68908.0,69280.0,68777.0,68819.99,2492.62084,1730123999999,172144664.06600310,347824,1385.84541000,95723863.50999350,0
2024-10-28 14:00:00,68820.0,69100.0,68688.0,68840.0,1777.84938,1730127599999,122466309.42665980,365922,831.38734000,57277446.65764300,0
2024-10-28 15:00:00,68840.0,68853.27,68426.67,68494.2,1476.6185,1730131199999,101322805.20305950,327398,584.92685000,40137352.60056660,0
2024-10-28 16:00:00,68494.2,68980.0,68452.54,68709.27,1074.24282,1730134799999,73866515.99603570,214887,560.15001000,38518982.36871420,0
2024-10-28 17:00:00,68709.27,69208.43,68513.1,68984.0,1538.0386,1730138399999,106041955.94006000,287282,773.57817000,53326456.35309360,0
2024-10-28 18:00:00,68984.0,69240.0,68846.0,69212.12,995.60134,1730141999999,68732531.65138080,221791,521.46345000,35999115.91136870,0
2024-10-28 19:00:00,69212.12,69900.0,69150.01,69629.98,4352.02346,1730145599999,302971132.52467730,366750,2534.93872000,176432595.69722340,0
2024-10-28 20:00:00,69629.99,69719.59,69427.79,69644.56,838.75248,1730149199999,58323390.65294770,115659,381.71373000,26543133.08669330,0
2024-10-28 21:00:00,69644.57,69797.99,69518.35,69791.0,637.09431,1730152799999,44399266.63786970,82357,302.46458000,21078772.09003140,0
2024-10-28 22:00:00,69791.0,70270.0,69791.0,69961.65,3417.3618,1730156399999,239183329.35567130,313475,2337.02070000,163567382.61949700,0
2024-10-28 23:00:00,69961.64,70145.5,69733.3,69962.21,928.30439,1730159999999,64923621.82957740,145948,425.57449000,29774357.53997020,0
2024-10-29 00:00:00,69962.21,70010.0,69760.0,69960.88,654.60671,1730163599999,45743673.56637310,149082,336.39767000,23509083.94947260,0
2024-10-29 01:00:00,69960.89,70387.97,69840.24,70310.58,1101.99256,1730167199999,77227395.95594030,192101,693.86540000,48633213.42113180,0
2024-10-29 02:00:00,70310.58,71587.88,70221.11,71190.05,5855.97331,1730170799999,416254986.63062520,583065,3651.19269000,259462162.97107690,0
2024-10-29 03:00:00,71190.05,71430.96,70885.02,70938.14,1648.12275,1730174399999,117287978.34555310,169035,831.43250000,59170671.37893470,0
2024-10-29 04:00:00,70938.15,71139.22,70926.73,71088.01,1128.1744,1730177999999,80149211.30318880,123944,623.22680000,44276068.68255010,0
2024-10-29 05:00:00,71088.0,71110.4,70886.59,71039.99,1131.77562,1730181599999,80352451.62862320,99530,593.01449000,42104628.09157650,0
2024-10-29 06:00:00,71039.99,71370.0,71006.0,71248.45,1502.7784,1730185199999,106972454.17235220,159284,874.91672000,62278371.97962630,0
2024-10-29 07:00:00,71248.46,71267.08,70837.83,71017.97,1627.98917,1730188799999,115597549.14067410,151071,612.19937000,43471102.56498770,0
2024-10-29 08:00:00,71017.96,71219.72,70974.0,71134.01,881.19294,1730192399999,62649457.51047350,79835,437.64304000,31115794.19641050,0
2024-10-29 09:00:00,71134.0,71344.0,71114.68,71301.42,968.21912,1730195999999,68967270.59837490,86061,512.88667000,36534073.62283110,0
2024-10-29 10:00:00,71301.42,71344.0,71078.67,71171.32,827.37173,1730199599999,58918353.03367310,98903,337.14519000,24008383.70751640,0
2024-10-29 11:00:00,71171.32,71578.95,71150.01,71452.01,1657.03998,1730203199999,118313380.87177950,132951,949.49915000,67799434.18165650,0
2024-10-29 12:00:00,71452.02,71500.0,71102.02,71108.01,1143.99738,1730206799999,81539009.77390660,137433,498.27975000,35516094.91334800,0
2024-10-29 13:00:00,71108.0,71825.75,70929.0,71804.0,2434.69356,1730210399999,173854401.76704360,303900,1454.95657000,103912486.77300180,0
2024-10-29 14:00:00,71803.99,71983.0,71327.67,71867.09,3599.9987,1730213999999,258311125.60356940,458977,1942.69442000,139414960.06595790,0
2024-10-29 15:00:00,71867.1,72429.99,71654.01,72402.01,4331.32016,1730217599999,312152054.31748380,433891,2512.76886000,181125302.01763100,0
2024-10-29 16:00:00,72402.0,72923.74,72350.7,72739.44,4607.2536,1730221199999,334578122.20388730,423679,2494.26684000,181154453.82419050,0
2024-10-29 17:00:00,72739.43,72990.0,72529.58,72721.5,2664.90624,1730224799999,193956132.97141720,308935,1333.56812000,97083405.16427690,0
2024-10-29 18:00:00,72721.49,73250.0,72666.32,73170.01,2532.22293,1730228399999,184822732.67888250,246922,1509.69020000,110182214.53104340,0
2024-10-29 19:00:00,73170.0,73620.12,72504.03,72536.16,4571.61324,1730231999999,334112947.48409290,535015,2236.85686000,163551020.10840500,0
2024-10-29 20:00:00,72536.38,72670.47,71864.65,72336.22,2515.05927,1730235599999,181727226.73602550,385795,1088.17346000,78625528.31523380,0
2024-10-29 21:00:00,72336.22,72612.27,72221.28,72289.98,749.1364,1730239199999,54235165.55117880,130858,335.77493000,24309794.31669150,0
2024-10-29 22:00:00,72289.97,72978.9,72192.03,72660.0,1029.06082,1730242799999,74689544.10924960,170690,525.56601000,38134556.31696010,0
2024-10-29 23:00:00,72659.99,72808.77,72516.56,72736.42,964.10695,1730246399999,70053360.93738920,84473,512.44945000,37235979.06852630,0
2024-10-30 00:00:00,72736.41,72785.72,72113.78,72289.99,991.64175,1730249999999,71822173.06726920,137942,414.83150000,30056336.87693010,0
2024-10-30 01:00:00,72289.99,72415.36,72000.01,72415.36,865.90573,1730253599999,62502934.22503570,146843,414.09978000,29893044.03252560,0
2024-10-30 02:00:00,72415.36,72634.5,72330.0,72342.99,791.25703,1730257199999,57358306.06778020,102731,413.22259000,29958927.91967850,0
2024-10-30 03:00:00,72342.99,72482.12,72171.47,72234.0,904.95499,1730260799999,65415035.18716580,87000,421.98702000,30499395.73086490,0
2024-10-30 04:00:00,72234.0,72350.0,72187.55,72282.0,607.31878,1730264399999,43885409.03897880,59694,237.21314000,17139142.78288880,0
2024-10-30 05:00:00,72281.99,72513.03,72268.0,72498.0,1032.61237,1730267999999,74804441.87916970,68202,537.09806000,38909530.18832980,0
2024-10-30 06:00:00,72498.0,72610.0,72306.31,72306.31,781.27626,1730271599999,56607685.04046500,87483,319.75243000,23173052.30104990,0
2024-10-30 07:00:00,72306.32,72445.63,72100.0,72227.99,644.66298,1730275199999,46585443.20148360,72417,226.80566000,16385645.37743730,0
2024-10-30 08:00:00,72227.99,72542.2,72211.59,72241.35,766.37279,1730278799999,55481311.96231470,105598,370.17973000,26806259.79970820,0
2024-10-30 09:00:00,72241.35,72588.0,72224.31,72576.01,669.47116,1730282399999,48491291.57963050,127465,388.77519000,28157321.13438610,0
2024-10-30 10:00:00,72576.02,72604.97,72369.0,72378.02,806.77509,1730285999999,58463721.30246940,113346,490.51370000,35545275.02066770,0
2024-10-30 11:00:00,72378.02,72378.02,71926.82,71983.99,1006.6085,1730289599999,72648536.76670170,150042,420.51395000,30353446.54860040,0
2024-10-30 12:00:00,71984.0,72140.34,71750.04,71862.17,1946.32423,1730293199999,140039427.80964510,286642,922.90568000,66413448.06939350,0
2024-10-30 13:00:00,71862.17,72100.0,71436.0,71966.0,2218.00998,1730296799999,159143258.18923590,398289,1166.28419000,83695408.09797410,0
2024-10-30 14:00:00,71966.0,72470.0,71932.0,72411.79,2024.37063,1730300399999,146186630.32329950,427458,1173.05137000,84718301.39666320,0
2024-10-30 15:00:00,72411.79,72440.0,71693.94,72061.34,1598.1148,1730303999999,115078988.85551380,339604,771.62754000,55572458.90956360,0
2024-10-30 16:00:00,72061.34,72197.5,71800.0,72110.86,1098.11079,1730307599999,79075266.43856180,215365,570.84323000,41108275.43030580,0
2024-10-30 17:00:00,72110.86,72126.0,71641.77,71894.72,699.54975,1730311199999,50265815.63705250,176836,343.68454000,24690922.28312800,0
2024-10-30 18:00:00,71894.73,72150.0,71851.57,71974.75,699.002,1730314799999,50320985.63179500,147414,336.69639000,24237477.88875380,0
2024-10-30 19:00:00,71974.74,72060.0,71783.19,71822.01,805.15685,1730318399999,57901725.48168130,123549,382.27774000,27491504.48684210,0
2024-10-30 20:00:00,71822.01,72857.15,71644.19,72857.14,3307.50597,1730321999999,239032032.91887170,361891,1889.57792000,136591558.19850440,0
2024-10-30 21:00:00,72857.14,72961.0,72112.7,72388.1,1305.51987,1730325599999,94742088.49009080,152348,632.42997000,45895135.09558410,0
2024-10-30 22:00:00,72388.1,72675.53,72252.0,72397.4,706.69763,1730329199999,51207227.04284070,91531,357.66379000,25921511.12148840,0
2024-10-30 23:00:00,72397.4,72700.0,72343.98,72344.74,608.77063,1730332799999,44150801.15123440,61044,285.17922000,20684805.05545950,0
2024-10-31 00:00:00,72344.75,72413.99,72052.98,72165.99,1010.24554,1730336399999,72940023.45516240,129216,528.17731000,38130016.46479150,0
2024-10-31 01:00:00,72165.99,72455.49,72030.08,72370.0,634.00593,1730339999999,45823439.06151220,118847,319.02027000,23057980.56292490,0
2024-10-31 02:00:00,72370.01,72588.0,72189.0,72553.01,728.10372,1730343599999,52701418.41158040,114135,363.79933000,26336684.46696590,0
2024-10-31 03:00:00,72553.01,72599.99,72293.01,72353.74,583.47158,1730347199999,42274413.35418570,77321,234.54445000,16992255.86105050,0
2024-10-31 04:00:00,72353.75,72380.91,72224.38,72273.99,532.75988,1730350799999,38525906.19525700,69916,260.19442000,18815525.19595000,0
2024-10-31 05:00:00,72273.99,72384.17,72207.85,72282.0,464.2315,1730354399999,33564595.85400030,50654,190.19763000,13750272.83002890,0
2024-10-31 06:00:00,72282.01,72320.64,72152.0,72212.12,669.03855,1730357999999,48337191.61933870,75273,374.33686000,27046078.41237740,0
2024-10-31 07:00:00,72212.13,72478.0,72150.0,72417.19,634.52539,1730361599999,45905434.80045870,74983,304.75408000,22053383.01440520,0
2024-10-31 08:00:00,72417.19,72452.0,72149.79,72276.05,672.13547,1730365199999,48566218.07798780,85739,316.17528000,22845262.45563190,0
2024-10-31 09:00:00,72276.06,72397.78,72253.55,72304.7,542.0155,1730368799999,39202860.27748390,71840,303.92383000,21982109.03554330,0
2024-10-31 10:00:00,72304.7,72700.0,72222.77,72639.27,931.04054,1730372399999,67486105.49001900,108690,471.98056000,34199622.69229970,0
2024-10-31 11:00:00,72639.28,72660.0,72222.0,72226.0,984.02992,1730375999999,71222092.52059910,148136,442.12400000,31997647.52166250,0
2024-10-31 12:00:00,72226.0,72276.0,71966.0,72114.0,1326.92001,1730379599999,95727872.34100570,240139,540.31149000,38984129.58951930,0
2024-10-31 13:00:00,72114.0,72178.6,71110.0,71308.0,2477.47738,1730383199999,177597936.97764270,358889,1195.04022000,85674428.55326740,0
2024-10-31 14:00:00,71308.0,71386.0,70624.01,70752.02,3934.50715,1730386799999,279358100.60430530,623094,1854.04678000,131652263.85699490,0
2024-10-31 15:00:00,70752.01,71060.0,70431.77,70620.0,2652.4486,1730390399999,187633419.68993640,386138,1270.62846000,89915410.55897750,0
2024-10-31 16:00:00,70620.01,70949.51,70355.93,70403.58,2149.23423,1730393999999,151662158.11217460,283535,1147.41384000,80988446.69174780,0
2024-10-31 17:00:00,70403.59,70803.12,70359.0,70785.28,1208.41275,1730397599999,85315610.49629590,256679,658.34165000,46484620.28419390,0
2024-10-31 18:00:00,70785.28,70787.88,70106.2,70633.67,1423.95498,1730401199999,100270589.71170550,343125,659.62027000,46452166.63732200,0
2024-10-31 19:00:00,70633.67,70750.0,70036.0,70092.07,1205.92036,1730404799999,84900117.26794790,231115,586.13391000,41270817.37009350,0
2024-10-31 20:00:00,70092.07,70299.44,69685.76,70026.73,2110.54484,1730408399999,147819327.68957500,292455,963.41701000,67499373.82585170,0
2024-10-31 21:00:00,70026.74,70541.52,69856.04,70442.39,924.50362,1730411999999,64955833.95290230,145739,538.62455000,37847898.57695120,0
2024-10-31 22:00:00,70442.39,70543.98,70174.09,70480.0,702.79368,1730415599999,49452281.96689540,131817,315.02408000,22168424.94330870,0
2024-10-31 23:00:00,70479.99,70654.76,70292.0,70292.01,849.78185,1730419199999,59902029.56671280,108067,367.30851000,25903422.44803420,0
2024-11-01 00:00:00,70292.01,70470.0,70146.8,70173.73,840.4529,1730422799999,59096143.37278150,128807,448.83050000,31559502.40249900,0
2024-11-01 01:00:00,70173.72,70360.0,69313.74,69402.01,2171.7139,1730426399999,151552938.32514150,298129,892.49966000,62307046.79675270,0
2024-11-01 02:00:00,69402.0,69600.0,68830.0,69579.89,2802.10218,1730429999999,193886130.00053690,339028,1208.73572000,83682084.62222110,0
2024-11-01 03:00:00,69579.89,69714.45,69334.0,69369.99,921.81357,1730433599999,64092513.99910330,131279,382.07230000,26572334.77829290,0
2024-11-01 04:00:00,69369.99,69623.99,69342.01,69592.0,670.4087,1730437199999,46585588.52028550,97446,347.24402000,24125865.21907810,0
2024-11-01 05:00:00,69592.0,69670.9,69526.0,69609.29,441.90421,1730440799999,30758807.64576640,69954,203.49295000,14164068.05905060,0
2024-11-01 06:00:00,69609.28,69699.14,69212.12,69212.13,1307.31559,1730444399999,90761690.94249410,152124,496.67068000,34486286.57558870,0
2024-11-01 07:00:00,69212.13,69420.13,69080.0,69273.7,1420.50492,1730447999999,98400611.63990990,170886,691.64044000,47917469.34219730,0
2024-11-01 08:00:00,69273.7,69538.0,69237.26,69376.1,882.41902,1730451599999,61240549.04018460,112677,475.98989000,33038614.77637700,0
2024-11-01 09:00:00,69376.1,69588.0,69324.0,69534.9,486.09866,1730455199999,33772831.92877090,71524,275.83452000,19164699.33458250,0
2024-11-01 10:00:00,69534.9,70156.0,69524.28,69989.65,1759.86747,1730458799999,123012508.38678140,184318,1093.90139000,76458190.54467210,0
2024-11-01 11:00:00,69989.64,70228.0,69987.77,70002.01,1130.24211,1730462399999,79254753.41127600,122681,521.81825000,36586553.30616630,0
2024-11-01 12:00:00,70002.01,70467.65,69897.02,70354.87,1876.81718,1730465999999,131804319.86475170,213766,997.84110000,70080628.37746550,0
2024-11-01 13:00:00,70354.86,71220.0,70142.0,71200.44,2985.26242,1730469599999,210924574.45954900,264964,1502.19947000,106203480.96213580,0
2024-11-01 14:00:00,71200.43,71632.95,70912.6,71271.17,3312.2471,1730473199999,236121170.52105040,402405,1514.61919000,107995232.14211250,0
2024-11-01 15:00:00,71271.17,71360.0,69044.0,69387.77,4408.92622,1730476799999,309042209.34024180,506062,1773.26752000,124326972.18410340,0
2024-11-01 16:00:00,69387.78,70515.16,69352.0,69920.73,2872.61732,1730480399999,201125970.39418080,419927,1460.15298000,102200679.16220290,0
2024-11-01 17:00:00,69920.72,70181.83,69475.0,69586.01,2260.1192,1730483999999,157791717.99762620,291438,1042.89576000,72831990.96051860,0
2024-11-01 18:00:00,69586.01,69636.37,69066.07,69151.66,1455.45627,1730487599999,100930421.69826350,166830,686.01950000,47581866.90079110,0
2024-11-01 19:00:00,69151.66,69454.0,68820.14,69268.0,2134.0704,1730491199999,147459597.04069100,178289,1004.17360000,69412534.35516580,0
2024-11-01 20:00:00,69268.0,69460.0,69168.6,69248.95,722.65352,1730494799999,50099544.40965230,62306,338.81488000,23490598.82885490,0
2024-11-01 21:00:00,69248.95,69358.77,68854.5,69263.99,702.31597,1730498399999,48511645.21884720,74873,315.66095000,21804471.58893150,0
2024-11-01 22:00:00,69264.0,69455.95,69234.0,69440.01,381.96835,1730501999999,26486863.67850170,61728,183.78484000,12744705.93792290,0
2024-11-01 23:00:00,69440.01,69627.0,69364.0,69496.01,354.57037,1730505599999,24644920.16858240,47830,186.00209000,12928109.60200720,0
2024-11-02 00:00:00,69496.0,69675.92,69479.91,69665.99,598.79838,1730509199999,41664252.30408530,72804,308.18005000,21440895.22865990,0
2024-11-02 01:00:00,69665.99,69696.97,69506.72,69668.1,366.2893,1730512799999,25495848.76057720,53042,155.75879000,10843942.86513080,0
2024-11-02 02:00:00,69668.1,69914.37,69655.47,69661.96,612.69586,1730516399999,42750762.86204990,63886,365.82947000,25528511.72633690,0
2024-11-02 03:00:00,69661.95,69787.74,69563.22,69599.99,311.19594,1730519999999,21682386.76193020,53704,163.41042000,11387463.79213690,0
2024-11-02 04:00:00,69599.99,69627.9,69468.05,69568.0,320.135,1730523599999,22261160.49254800,48820,158.05929000,10991482.00086650,0
2024-11-02 05:00:00,69568.0,69727.28,69446.0,69710.0,291.01338,1730527199999,20255151.71397690,56303,137.34816000,9561028.98298900,0
2024-11-02 06:00:00,69709.99,69748.16,69576.32,69744.86,275.27943,1730530799999,19175169.33742870,46438,130.22322000,9071787.96695010,0
2024-11-02 07:00:00,69744.86,69823.94,69682.0,69813.91,411.7198,1730534399999,28717915.08606960,53672,211.66852000,14764039.19786730,0
2024-11-02 08:00:00,69813.91,69838.62,69580.81,69630.95,301.05421,1730537999999,20982990.58064390,48052,126.55685000,8819996.52881230,0
2024-11-02 09:00:00,69630.95,69670.0,69510.91,69558.86,348.41823,1730541599999,24252054.38751170,59219,120.10306000,8360111.75973870,0
2024-11-02 10:00:00,69558.86,69628.0,69417.88,69623.63,359.11695,1730545199999,24964491.84492930,63288,155.95046000,10841764.35850040,0
2024-11-02 11:00:00,69623.63,69701.68,69576.0,69608.0,271.01091,1730548799999,18870299.09318050,47069,152.38647000,10610354.77964090,0
2024-11-02 12:00:00,69608.0,69680.0,69390.09,69459.05,484.74954,1730552399999,33705185.17347180,108224,223.98611000,15576393.85275510,0
2024-11-02 13:00:00,69459.05,69711.59,69358.87,69365.99,916.029,1730555999999,63714612.58766880,136719,560.74142000,39009876.96881880,0
2024-11-02 14:00:00,69366.0,69437.85,69000.14,69263.48,1275.86887,1730559599999,88314802.18027250,166568,550.03634000,38070553.36884410,0
2024-11-02 15:00:00,69263.49,69450.01,69139.9,69393.17,688.48363,1730563199999,47705206.04922900,102162,347.87718000,24102804.71603740,0
2024-11-02 16:00:00,69393.18,69616.0,69321.99,69587.98,509.52438,1730566799999,35408445.35950330,76710,275.95638000,19180207.74057640,0
2024-11-02 17:00:00,69587.98,69600.0,69340.0,69401.99,407.60708,1730570399999,28317262.43532480,67129,244.05179000,16957979.08500060,0
2024-11-02 18:00:00,69401.99,69481.48,69215.0,69422.93,370.18861,1730573999999,25665923.08472370,67586,170.42815000,11816785.13201300,0
2024-11-02 19:00:00,69422.94,69562.0,69384.0,69510.0,266.19778,1730577599999,18498211.33734730,36903,182.73230000,12697631.58201300,0
2024-11-02 20:00:00,69510.0,69571.99,69462.29,69540.0,193.44987,1730581199999,13449533.31457520,46417,91.47042000,6359530.43545650,0
2024-11-02 21:00:00,69539.99,69560.0,69442.0,69442.0,139.60191,1730584799999,9698541.22854500,29015,63.81425000,4433184.80637780,0
2024-11-02 22:00:00,69442.01,69550.68,69363.08,69434.0,212.73359,1730588399999,14779493.48856900,43562,99.04944000,6881856.59442320,0
2024-11-02 23:00:00,69434.0,69446.0,69149.0,69374.74,590.51078,1730591999999,40902728.16699320,56269,231.88859000,16062551.34585550,0
2024-11-03 00:00:00,69374.74,69391.0,69159.76,69159.76,464.82077,1730595599999,32193427.48759390,80159,188.93382000,13085834.73851720,0
2024-11-03 01:00:00,69159.77,69225.03,69000.21,69010.13,876.36609,1730599199999,60560875.91421890,117819,427.80273000,29566814.98290250,0
2024-11-03 02:00:00,69010.14,69028.72,67864.16,68214.91,3555.86884,1730602799999,243147779.44365160,425970,1289.04284000,88077211.95872490,0
2024-11-03 03:00:00,68214.91,68454.55,68018.79,68379.89,949.3535,1730606399999,64831890.64136400,196208,474.71342000,32424078.41784670,0
2024-11-03 04:00:00,68379.9,68696.97,68303.99,68592.01,650.5156,1730609999999,44583777.45653250,98208,373.41996000,25592271.65854480,0
2024-11-03 05:00:00,68592.0,68693.99,68428.54,68432.0,438.34921,1730613599999,30055634.39044150,71404,206.29573000,14146064.61145800,0
2024-11-03 06:00:00,68432.0,68771.58,68400.0,68569.99,421.89741,1730617199999,28917526.43157610,73598,205.90198000,14114253.45150050,0
2024-11-03 07:00:00,68570.0,68703.68,68379.9,68397.42,450.87968,1730620799999,30893180.33705940,69354,221.72224000,15191791.43035720,0
2024-11-03 08:00:00,68397.42,68603.58,68299.62,68480.01,714.31316,1730624399999,48881063.29893930,88390,391.68043000,26802833.20503930,0
2024-11-03 09:00:00,68480.01,68527.78,68200.01,68242.43,552.69928,1730627999999,37772427.76586480,86132,236.60918000,16171743.31315760,0
2024-11-03 10:00:00,68242.43,68571.94,68242.42,68441.99,734.03417,1730631599999,50244026.58120450,89750,505.39831000,34593873.04579560,0
2024-11-03 11:00:00,68442.0,68589.5,68316.52,68358.86,459.75688,1730635199999,31464916.76000500,107796,224.39379000,15359969.29501830,0
2024-11-03 12:00:00,68358.86,68560.0,68269.7,68486.05,553.72691,1730638799999,37892948.05167970,104899,276.53161000,18927572.34461530,0
2024-11-03 13:00:00,68486.04,68504.92,67972.0,68048.13,1341.51178,1730642399999,91504348.74228750,194977,502.20651000,34262838.94932710,0
2024-11-03 14:00:00,68048.13,68187.5,67588.61,67777.0,2264.7632,1730645999999,153705317.63831050,313416,1055.96291000,71663608.40281260,0
2024-11-03 15:00:00,67776.99,68222.0,67478.73,68090.9,1882.77785,1730649599999,127572637.42384400,339274,940.54312000,63749398.73004490,0
2024-11-03 16:00:00,68090.91,68547.98,68054.0,68152.01,2124.0069,1730653199999,145057935.29023190,278878,1300.30238000,88793763.76398040,0
2024-11-03 17:00:00,68152.0,68482.0,68132.16,68359.98,734.59969,1730656799999,50225761.22326870,150312,377.21162000,25788715.37620900,0
2024-11-03 18:00:00,68359.98,68446.0,67667.21,68018.0,1154.16433,1730660399999,78511707.23541470,175581,473.17818000,32185817.28603540,0
2024-11-03 19:00:00,68018.0,68693.81,68000.0,68679.0,798.46087,1730663999999,54666998.72525930,135635,471.07665000,32252901.32337900,0
2024-11-03 20:00:00,68679.0,68979.76,68499.9,68970.07,1066.32736,1730667599999,73351992.89252090,112920,665.51428000,45783599.93050590,0
2024-11-03 21:00:00,68970.06,69358.0,68966.65,69145.35,1294.60741,1730671199999,89538533.28673660,145054,799.56191000,55298179.92384060,0
2024-11-03 22:00:00,69145.35,69301.0,68784.1,68880.01,560.07952,1730674799999,38669172.00329390,67443,240.01192000,16575138.60796400,0
2024-11-03 23:00:00,68880.0,68915.0,68492.82,68775.99,951.82202,1730678399999,65422327.38490310,144852,429.56625000,29530798.39138090,0
2024-11-04 00:00:00,68775.99,68775.99,68240.61,68712.0,861.93595,1730681999999,59060794.43286820,215152,381.76148000,26160159.20191760,0
2024-11-04 01:00:00,68712.0,69037.03,68568.0,68970.01,972.75822,1730685599999,66962327.93390180,263923,541.02261000,37245969.39291580,0
2024-11-04 02:00:00,68970.0,69338.58,68882.0,69305.56,932.17697,1730689199999,64447374.27724090,184988,548.57774000,37925441.81207980,0
2024-11-04 03:00:00,69305.55,69500.0,69004.0,69047.86,764.9477,1730692799999,52963553.44050510,178591,358.32393000,24815267.20047720,0
2024-11-04 04:00:00,69047.86,69401.55,69047.85,69150.31,561.18813,1730696399999,38828889.49301770,118241,365.61865000,25298465.96003680,0
2024-11-04 05:00:00,69150.3,69177.37,68699.9,68820.01,717.81186,1730699999999,49492397.16094940,145261,330.74318000,22807710.51252980,0
2024-11-04 06:00:00,68820.01,69170.01,68820.0,69126.18,720.61568,1730703599999,49741253.39027390,119979,443.35610000,30603456.84658410,0
2024-11-04 07:00:00,69126.18,69175.97,68618.0,68618.0,753.64248,1730707199999,51884101.95032740,134083,334.05629000,22999649.35235130,0
2024-11-04 08:00:00,68618.0,68755.24,68470.0,68699.99,805.29507,1730710799999,55242104.55085290,184949,428.44352000,29392601.30912020,0
2024-11-04 09:00:00,68699.98,68924.0,68480.01,68640.83,840.0728,1730714399999,57717587.76785920,165562,300.15033000,20627092.59648960,0
2024-11-04 10:00:00,68640.83,68921.28,68602.0,68834.05,772.27691,1730717999999,53150322.52932010,176547,402.03527000,27669883.61840440,0
2024-11-04 11:00:00,68834.04,69036.0,68700.0,68792.71,644.03695,1730721599999,44338265.35034430,191688,330.01432000,22723931.26549860,0
2024-11-04 12:00:00,68792.72,69019.16,68739.9,68978.2,794.13164,1730725199999,54736374.84132130,174562,453.63262000,31270416.04847560,0
2024-11-04 13:00:00,68978.19,69264.52,68650.0,68662.39,1434.89991,1730728799999,99015908.39135990,241332,728.60484000,50288887.34809540,0
2024-11-04 14:00:00,68662.39,68722.0,68202.99,68394.01,2513.64508,1730732399999,172080428.49344120,405899,1198.22302000,82030775.64019150,0
2024-11-04 15:00:00,68394.01,68758.0,68234.0,68646.01,1760.22137,1730735999999,120456686.62733900,337016,950.38660000,65044548.44723570,0
2024-11-04 16:00:00,68646.01,68814.32,67613.91,67756.0,2633.47611,1730739599999,179350299.25338300,340863,1258.91783000,85765968.17831620,0
2024-11-04 17:00:00,67756.0,67934.39,67251.5,67830.0,2315.76983,1730743199999,156550396.06036090,340766,1156.95268000,78217267.20334230,0
2024-11-04 18:00:00,67830.0,68098.05,67535.96,67651.81,1126.90863,1730746799999,76357320.98661780,289659,583.65178000,39558968.63636310,0
2024-11-04 19:00:00,67651.81,68100.0,67642.07,67856.0,946.44978,1730750399999,64273077.87731010,177591,517.89202000,35171425.41226840,0
2024-11-04 20:00:00,67856.01,67856.01,67316.0,67348.0,1313.58853,1730753999999,88757346.40466960,202413,642.54089000,43403916.94629010,0
2024-11-04 21:00:00,67347.99,67622.0,66835.0,67120.57,2909.11716,1730757599999,195341592.25521150,452495,1231.06225000,82684945.08601700,0
2024-11-04 22:00:00,67120.56,68106.07,67059.9,67920.01,1854.74227,1730761199999,125437550.50631280,185540,1054.14873000,71285473.71840320,0
2024-11-04 23:00:00,67920.0,68030.0,67639.9,67850.01,850.68284,1730764799999,57716353.02798810,149948,387.12409000,26265325.79128120,0
2024-11-05 00:00:00,67850.01,68180.0,67788.0,68030.0,1005.35361,1730768399999,68377627.79023720,182330,550.76592000,37460613.61679510,0
2024-11-05 01:00:00,68030.0,68097.07,67476.63,67997.31,1419.80695,1730771999999,96307896.73265660,244160,676.54666000,45896761.12427200,0
2024-11-05 02:00:00,67997.32,68075.48,67830.0,67880.77,561.13281,1730775599999,38136712.99016710,146610,306.59193000,20836574.06247840,0
2024-11-05 03:00:00,67880.78,68255.0,67880.0,68243.0,645.01015,1730779199999,43904422.85156000,122358,377.95102000,25725799.14787560,0
2024-11-05 04:00:00,68243.01,68500.0,68218.51,68323.01,779.42197,1730782799999,53295968.99341430,136860,378.48573000,25880906.46251520,0
2024-11-05 05:00:00,68323.0,68796.88,68300.0,68741.5,926.41824,1730786399999,63476000.11654070,130550,536.81786000,36794886.92836820,0
2024-11-05 06:00:00,68741.5,68803.04,68565.99,68779.9,765.15263,1730789999999,52556783.39091720,118123,361.13618000,24808835.76865480,0
2024-11-05 07:00:00,68779.91,68976.0,68570.24,68893.99,1056.69164,1730793599999,72690136.27152930,155535,604.90454000,41618966.18076770,0
2024-11-05 08:00:00,68894.0,69050.0,68786.0,69038.01,814.59939,1730797199999,56128983.06889640,154168,436.51438000,30077426.00098300,0
2024-11-05 09:00:00,69038.0,69100.0,68741.36,68776.49,1051.95627,1730800799999,72509411.01703930,148420,470.38603000,32417941.25872480,0
2024-11-05 10:00:00,68776.49,68855.5,68615.11,68764.29,677.27967,1730804399999,46554979.65474420,100140,311.14239000,21387231.58788200,0
2024-11-05 11:00:00,68764.29,68964.0,68758.47,68810.03,561.30189,1730807999999,38642314.46746230,110565,242.04415000,16664103.12995010,0
2024-11-05 12:00:00,68810.03,68948.0,68666.0,68865.09,746.12058,1730811599999,51335285.94481090,123965,307.78651000,21176482.54357430,0
2024-11-05 13:00:00,68865.09,68914.02,68671.98,68820.0,768.66425,1730815199999,52875489.80446700,156589,436.19893000,30005258.70492970,0
2024-11-05 14:00:00,68820.01,70325.06,68766.03,69964.0,4586.84531,1730818799999,319831471.63903290,577807,2558.71293000,178364563.62892050,0
2024-11-05 15:00:00,69964.01,70071.43,69216.5,69639.99,3172.19973,1730822399999,220993198.90590710,579000,1628.10237000,113452401.25534400,0
2024-11-05 16:00:00,69640.0,70577.91,69530.0,70191.98,2763.72791,1730825999999,193651787.72564910,444905,1559.32848000,109272549.67891000,0
2024-11-05 17:00:00,70191.98,70468.35,69890.0,69949.66,1673.50723,1730829599999,117403463.13982150,250779,777.61354000,54566540.12883980,0
2024-11-05 18:00:00,69949.65,70260.0,69739.9,70229.99,1261.9449,1730833199999,88325754.03866640,181708,592.50466000,41476822.46472110,0
2024-11-05 19:00:00,70229.99,70267.95,68732.77,68995.99,2552.71002,1730836799999,177287453.73555620,310249,1052.83951000,73110446.82403820,0
2024-11-05 20:00:00,68995.99,69663.01,68786.91,69445.99,2494.19588,1730840399999,173013712.05637450,279693,1369.71868000,95046812.31091310,0
2024-11-05 21:00:00,69446.0,69620.0,69085.26,69160.0,963.20652,1730843999999,66842766.00540660,95365,423.95049000,29424696.06427390,0
2024-11-05 22:00:00,69160.0,69600.0,68888.88,69594.0,1070.14882,1730847599999,74067795.49919520,91294,572.99022000,39680355.85753380,0
2024-11-05 23:00:00,69594.01,69898.02,69294.99,69372.01,1037.67251,1730851199999,72209492.22987000,114471,526.85352000,36669756.19251800,0
2024-11-06 00:00:00,69372.01,71455.0,69298.0,71096.04,4435.56271,1730854799999,313412533.93177930,454116,2457.96663000,173594256.51468110,0
2024-11-06 01:00:00,71096.03,71412.03,70606.0,71128.81,4226.53164,1730858399999,300430308.75731000,397877,1758.92780000,125014733.63070870,0
2024-11-06 02:00:00,71128.81,73287.21,70950.22,73077.05,7183.69545,1730861999999,520204752.23641620,470888,4296.85196000,311186939.72212750,0
2024-11-06 03:00:00,73077.05,75000.0,73070.05,74348.53,13585.407137,1730865599999,1007136505.33380615,753221,7607.41794700,563944465.40556635,0
2024-11-06 04:00:00,74348.53,74966.7,73912.0,74261.07,6021.94651,1730869199999,448961343.03344820,340449,2959.24755000,220648937.08537590,0
2024-11-06 05:00:00,74261.06,74850.0,73638.97,74768.38,4917.0169,1730872799999,365186764.97322660,297053,2395.49530000,178004493.32416980,0
2024-11-06 06:00:00,74768.38,75407.1,74200.01,74252.57,7948.700471,1730876399999,595049359.55714801,419308,4292.56965100,321435651.18350531,0
2024-11-06 07:00:00,74252.56,74659.99,72727.0,73370.89,7177.23414,1730879999999,530400329.48079110,495465,3222.71368000,238248438.44372470,0
2024-11-06 08:00:00,73370.89,73539.53,72656.31,73456.04,5507.09957,1730883599999,402489326.25721220,448732,2771.57560000,202581018.86476190,0
2024-11-06 09:00:00,73456.05,74083.01,73456.04,73756.34,3452.56869,1730887199999,254754806.67510260,367298,1855.07978000,136877069.56735220,0
2024-11-06 10:00:00,73756.35,73944.27,73314.85,73830.01,2489.42033,1730890799999,183293544.79190840,312622,1196.06525000,88058444.92203640,0
2024-11-06 11:00:00,73830.01,74475.47,73657.27,74272.01,2541.3039,1730894399999,188368883.87191110,331912,1230.13558000,91185806.57648710,0
2024-11-06 12:00:00,74272.0,74757.58,74166.21,74171.47,2353.66921,1730897999999,175268119.32482200,335174,1052.05128000,78353357.43021690,0
2024-11-06 13:00:00,74171.48,74271.99,73585.78,73987.05,2265.58654,1730901599999,167555251.67221450,373106,1056.37404000,78136276.54546380,0
2024-11-06 14:00:00,73987.06,74736.03,73488.0,73640.0,5206.19674,1730905199999,385675300.64952320,679853,2540.60526000,188260729.04033650,0
2024-11-06 15:00:00,73639.99,74499.0,73514.0,74298.0,4154.59288,1730908799999,308063911.01983790,553114,2050.67376000,152089208.19222390,0
2024-11-06 16:00:00,74297.99,74566.99,74150.0,74333.99,2437.22494,1730912399999,181138201.52467130,193171,1072.07699000,79686503.86996900,0
2024-11-06 17:00:00,74333.99,74666.0,74151.52,74452.01,1976.24321,1730915999999,147210880.50807810,148168,904.82791000,67396921.87520690,0
2024-11-06 18:00:00,74452.0,75230.0,74404.57,75229.99,3088.9053,1730919599999,231385607.04377280,174978,1934.17870000,144882936.89728300,0
2024-11-06 19:00:00,75229.99,75850.0,75037.87,75823.55,3998.017622,1730923199999,301603438.60530070,237496,2152.26065200,162398292.79038710,0
2024-11-06 20:00:00,75823.55,76400.0,75507.1,76101.99,4735.947457,1730926799999,359354241.27265880,266370,2403.58548700,182430441.15605020,0
2024-11-06 21:00:00,76101.98,76170.13,75658.2,75890.0,2060.40775,1730930399999,156377588.99343780,171403,923.17106000,70061327.46071080,0
2024-11-06 22:00:00,75890.0,76035.5,75519.94,75638.49,1348.01515,1730933999999,102126592.40284390,117062,609.72722000,46191788.55112490,0
2024-11-06 23:00:00,75638.5,75837.47,75552.78,75571.99,1015.70054,1730937599999,76835678.34078800,95348,500.30534000,37848618.18326320,0
2024-11-07 00:00:00,75571.99,75643.64,75050.0,75349.08,1516.93383,1730941199999,114247377.85658980,215719,615.93142000,46387727.06292270,0
2024-11-07 01:00:00,75349.07,76022.79,75228.0,75386.0,2770.57793,1730944799999,209182757.37852020,390205,1421.49213000,107331668.75800770,0
2024-11-07 02:00:00,75386.0,75458.0,75141.51,75276.01,1461.71324,1730948399999,110043660.18990190,233427,745.31336000,56110948.84425230,0
2024-11-07 03:00:00,75276.01,75392.67,75003.83,75048.01,1421.02719,1730951999999,106827596.86544850,234765,696.27700000,52342624.83663010,0
2024-11-07 04:00:00,75048.01,75048.01,74611.5,74707.34,2079.7949,1730955599999,155604268.57209140,145729,1058.08110000,79150230.89021290,0
2024-11-07 05:00:00,74707.34,74889.5,74670.0,74755.49,891.77676,1730959199999,66699736.09426820,100950,462.44367000,34588381.64747310,0
2024-11-07 06:00:00,74755.49,74831.07,74416.0,74768.27,1407.37166,1730962799999,105033468.95314460,208031,663.86187000,49552258.64833400,0
2024-11-07 07:00:00,74768.28,74964.87,74673.67,74757.58,1056.17171,1730966399999,79045310.37919450,142556,497.80218000,37259593.61958070,0
2024-11-07 08:00:00,74757.58,75150.0,74649.54,75150.0,1308.84009,1730969999999,98142503.49258600,156108,645.58669000,48410628.08028090,0
2024-11-07 09:00:00,75149.99,75150.11,74809.63,74916.76,698.93967,1730973599999,52437415.37077330,112200,301.25100000,22605539.05129570,0
2024-11-07 10:00:00,74916.76,75040.0,74766.0,75031.2,919.92356,1730977199999,68880540.86089710,177369,499.48994000,37402618.79753340,0
2024-11-07 11:00:00,75031.2,75043.5,74691.74,74746.0,838.72131,1730980799999,62772670.73105980,149144,372.74456000,27902468.63856050,0
2024-11-07 12:00:00,74745.99,75118.0,74726.0,74991.88,662.91433,1730984399999,49692550.80078530,145786,343.73280000,25766701.42158040,0
2024-11-07 13:00:00,74991.88,75038.0,74601.63,74672.53,918.6513,1730987999999,68705237.72711890,216640,430.20600000,32177746.85426370,0
2024-11-07 14:00:00,74672.54,75000.0,74512.19,74822.0,2268.50726,1730991599999,169631096.26694580,296766,1086.51148000,81250482.92310410,0
2024-11-07 15:00:00,74822.0,76059.69,74675.05,76059.69,3749.87711,1730995199999,282902244.98915800,358007,2021.76002000,152542356.15803140,0
2024-11-07 16:00:00,76059.68,76200.0,75555.17,75893.99,3155.37329,1730998799999,239093291.58595890,282014,1690.82868000,128123113.48819960,0
2024-11-07 17:00:00,75893.98,76466.48,75739.9,76257.89,3177.19993,1731002399999,242042487.06801370,263482,1713.63377000,130569370.17785640,0
2024-11-07 18:00:00,76257.9,76718.99,75671.09,76604.01,4375.304665,1731005999999,334020403.07828160,298864,1795.30283500,137109104.95924480,0
2024-11-07 19:00:00,76604.0,76612.0,75906.56,76530.39,3142.40554,1731009599999,239665904.20374370,373784,1424.60857000,108682170.95594800,0
2024-11-07 20:00:00,76530.4,76849.99,76268.52,76431.48,3091.90956,1731013199999,236694275.46110580,277907,1514.59676000,115965967.87348830,0
2024-11-07 21:00:00,76431.49,76572.0,75860.0,75876.49,1454.73559,1731016799999,110889274.60604050,155678,645.41732000,49224546.32001600,0
2024-11-07 22:00:00,75876.49,75984.0,75494.0,75872.0,1284.07366,1731020399999,97204732.62442250,139478,581.42486000,44019620.38918150,0
2024-11-07 23:00:00,75872.0,76079.8,75700.0,75857.89,1216.67826,1731023999999,92337856.81590520,133113,577.16228000,43802464.90473500,0
2024-11-08 00:00:00,75857.89,76358.0,75844.99,76005.25,1567.30594,1731027599999,119311205.04104320,203064,830.50494000,63223848.37551870,0
2024-11-08 01:00:00,76005.24,76329.63,75832.14,75983.91,1139.43516,1731031199999,86657562.86877390,197798,486.16621000,36972964.04602730,0
2024-11-08 02:00:00,75983.91,76020.0,75652.65,75711.14,709.19516,1731034799999,53740676.29217300,127198,305.41158000,23140645.98447240,0
2024-11-08 03:00:00,75711.15,75890.8,75555.0,75890.79,1000.64121,1731038399999,75762625.71859640,96393,367.25788000,27816355.88228690,0
2024-11-08 04:00:00,75890.79,76026.0,75808.04,75832.14,693.63204,1731041999999,52669592.98032170,74980,349.16417000,26515165.74295830,0
2024-11-08 05:00:00,75832.13,76139.83,75800.0,75975.32,1058.29765,1731045599999,80418133.90973770,112230,475.13896000,36103325.53847900,0
2024-11-08 06:00:00,75975.32,76012.82,75830.0,75876.0,596.39265,1731049199999,45272551.17265360,111677,263.08656000,19970772.09043460,0
2024-11-08 07:00:00,75876.0,76220.0,75686.0,76148.49,2653.0389,1731052799999,201778802.67432530,139582,1429.03029000,108696186.45145880,0
2024-11-08 08:00:00,76148.49,76164.0,75760.0,75802.0,1075.30347,1731056399999,81585953.72883530,121003,508.71497000,38599379.94867780,0
2024-11-08 09:00:00,75802.0,76073.78,75777.16,75947.69,771.79192,1731059999999,58624583.74330100,118447,295.22838000,22426424.64065970,0
2024-11-08 10:00:00,75947.68,76320.0,75780.7,76229.98,768.15953,1731063599999,58392262.62809880,135908,415.45541000,31596678.37108850,0
2024-11-08 11:00:00,76229.97,76284.6,75924.0,75934.46,705.99368,1731067199999,53750250.02088100,161763,271.06801000,20637963.26396820,0
2024-11-08 12:00:00,75934.47,76172.0,75934.46,76067.55,799.12641,1731070799999,60768123.04932290,174211,382.97203000,29118229.40504260,0
2024-11-08 13:00:00,76067.56,76279.71,75846.09,76268.13,1261.44788,1731074399999,95872819.19608950,223377,566.40714000,43047992.60567280,0
2024-11-08 14:00:00,76268.13,76309.13,75630.76,75752.0,3024.76051,1731077999999,229835473.05250110,393128,1214.00307000,92264229.00605730,0
2024-11-08 15:00:00,75752.01,76584.6,75636.36,76427.72,4176.02729,1731081599999,318295576.06425150,532641,2205.02205000,168109426.73856010,0
2024-11-08 16:00:00,76427.72,76514.99,75834.0,75919.3,2102.02572,1731085199999,159997801.88063280,379481,852.23005000,64893690.63631700,0
2024-11-08 17:00:00,75919.3,76522.0,75822.07,76385.99,1917.72706,1731088799999,146091468.39966880,302895,1026.18634000,78205624.45406730,0
2024-11-08 18:00:00,76386.0,76999.0,76342.0,76812.0,2615.86905,1731092399999,200602196.48793780,338662,1432.10466000,109862674.49396040,0
2024-11-08 19:00:00,76812.0,77199.99,76699.05,76912.58,2811.241873,1731095999999,216411177.40418178,386107,1583.21152300,121897447.60732228,0
2024-11-08 20:00:00,76912.58,77097.0,76414.63,76591.33,2711.01365,1731099599999,207855962.71224990,236284,1151.93408000,88317330.44145760,0
2024-11-08 21:00:00,76591.33,76695.99,76379.36,76483.09,1104.62036,1731103199999,84553757.72566630,125109,515.03236000,39423760.07389370,0
2024-11-08 22:00:00,76483.08,76622.7,76303.03,76369.12,670.14814,1731106799999,51265594.48263400,112494,304.90600000,23325461.42079560,0
2024-11-08 23:00:00,76369.13,76530.03,76300.23,76509.78,587.90433,1731110399999,44934946.29764100,73057,325.15697000,24853754.97753570,0
2024-11-09 00:00:00,76509.78,76639.84,76363.63,76430.0,810.03501,1731113999999,61974759.21703230,108703,302.36615000,23135271.76211820,0
2024-11-09 01:00:00,76430.0,76541.65,76256.0,76310.0,583.19381,1731117599999,44543293.32804650,101004,238.17102000,18192634.78485180,0
2024-11-09 02:00:00,76310.0,76430.44,76136.0,76422.98,669.81557,1731121199999,51076968.10108380,107758,275.41294000,21003152.91485170,0
2024-11-09 03:00:00,76422.97,76440.0,76240.08,76341.47,435.25274,1731124799999,33214773.10901350,114643,174.91384000,13347241.68831730,0
2024-11-09 04:00:00,76341.47,76406.12,76294.0,76377.99,329.62583,1731128399999,25171877.51163360,67078,145.07784000,11078576.78379480,0
2024-11-09 05:00:00,76377.99,76657.13,76358.6,76552.0,786.14324,1731131999999,60159311.39209900,126492,417.02973000,31911920.24982450,0
2024-11-09 06:00:00,76552.0,76795.69,76408.01,76510.0,1049.87565,1731135599999,80397294.27300730,136772,492.91206000,37747098.18939440,0
2024-11-09 07:00:00,76510.01,76529.08,76354.0,76529.08,659.23843,1731139199999,50396153.73163100,78775,349.56901000,26723480.19352930,0
2024-11-09 08:00:00,76529.07,76735.59,76436.0,76539.99,538.80074,1731142799999,41257235.91054230,78916,293.09879000,22445522.06807050,0
2024-11-09 09:00:00,76539.99,76636.37,76506.9,76554.0,522.33266,1731146399999,39993641.37095140,56640,261.50957000,20022894.73508040,0
2024-11-09 10:00:00,76554.0,76620.0,76415.89,76468.01,520.41883,1731149999999,39821345.81233560,69259,206.57061000,15804403.80508910,0
2024-11-09 11:00:00,76468.01,76511.78,76358.91,76487.11,375.0953,1731153599999,28672065.37818920,59949,165.79223000,12673452.34106700,0
2024-11-09 12:00:00,76487.11,76541.53,76280.0,76280.27,619.2326,1731157199999,47292233.67249970,71225,296.62834000,22658365.62287000,0
2024-11-09 13:00:00,76280.26,76495.77,76280.26,76426.39,881.68891,1731160799999,67350416.88666430,83334,502.89741000,38420805.87194460,0
2024-11-09 14:00:00,76426.4,76440.82,76272.72,76355.61,656.57304,1731164399999,50110882.35084860,95314,250.75027000,19137313.31720370,0
2024-11-09 15:00:00,76355.61,76416.52,76300.0,76319.9,418.84313,1731167999999,31971877.03524520,79409,189.14241000,14438956.40400930,0
2024-11-09 16:00:00,76319.91,76324.84,76058.0,76087.18,1200.70717,1731171599999,91478776.14905790,119449,418.52447000,31883269.53514450,0
2024-11-09 17:00:00,76087.19,76238.77,75714.66,76238.77,978.18075,1731175199999,74307848.68767040,181724,419.91948000,31902213.55349370,0
2024-11-09 18:00:00,76238.77,76387.19,76198.0,76356.53,530.21491,1731178799999,40450751.40579850,117445,323.65967000,24691505.69067080,0
2024-11-09 19:00:00,76356.53,76700.0,76116.0,76204.92,1249.58091,1731182399999,95545029.88677090,202951,574.36034000,43922268.24587030,0
2024-11-09 20:00:00,76204.91,76360.0,76179.0,76294.0,334.34498,1731185999999,25506655.46248650,103737,146.78818000,11197876.75549890,0
2024-11-09 21:00:00,76293.99,76486.0,76227.52,76451.6,408.62709,1731189599999,31203906.69097480,74679,200.90652000,15343044.54172780,0
2024-11-09 22:00:00,76451.61,76606.34,76365.25,76519.9,610.63157,1731193199999,46703949.17892150,116587,324.31974000,24806897.36901940,0
2024-11-09 23:00:00,76519.9,76900.0,76474.0,76677.46,1773.62628,1731196799999,136107955.06038610,233421,1062.47265000,81540348.87672860,0
2024-11-10 00:00:00,76677.46,77100.0,76492.0,76884.01,1848.55068,1731200399999,141991790.93552590,218040,1197.83265000,92030909.53812990,0
2024-11-10 01:00:00,76884.01,76964.0,76679.36,76702.31,853.09775,1731203999999,65484137.25872330,247448,355.14469000,27261317.80721510,0
2024-11-10 02:00:00,76702.31,77498.0,76661.4,77033.99,2512.978465,1731207599999,194009919.99563131,314391,1405.06375500,108478065.41935581,0
2024-11-10 03:00:00,77033.99,77426.68,76985.43,77205.96,1022.83807,1731211199999,78993438.61601250,180248,514.57495000,39741542.44175890,0
2024-11-10 04:00:00,77205.97,79323.74,77138.0,79122.02,5557.680713,1731214799999,435232297.22635831,530898,3489.24659300,273064411.22087601,0
2024-11-10 05:00:00,79122.02,79788.96,78803.38,79064.16,6049.423179,1731218399999,479722325.05376248,543605,3413.26689500,270644746.45131686,0
2024-11-10 06:00:00,79064.16,79249.97,78612.0,78903.42,2379.84718,1731221999999,187857102.49378610,219053,1098.83386000,86733711.16850620,0
2024-11-10 07:00:00,78903.42,79148.94,78743.98,78832.37,1574.77443,1731225599999,124329742.84337260,145477,784.21821000,61921363.98985750,0
2024-11-10 08:00:00,78832.36,79137.83,78832.36,79130.1,1049.78994,1731229199999,82942523.43247460,122008,539.71290000,42640403.43290600,0
2024-11-10 09:00:00,79130.09,79494.67,79122.0,79368.0,1290.33391,1731232799999,102360842.69612250,148944,625.71762000,49629709.48665210,0
2024-11-10 10:00:00,79367.99,79769.88,79280.0,79540.74,1738.33669,1731236399999,138146410.31503720,163811,801.50450000,63708066.33612330,0
2024-11-10 11:00:00,79540.75,80040.0,79540.74,79844.01,3281.095532,1731239999999,262016545.96276432,343784,2124.18719800,169640456.36913342,0
2024-11-10 12:00:00,79844.0,80080.0,79268.15,79654.0,3270.28363,1731243599999,260113548.56001600,431682,1419.05810000,112902096.46483450,0
2024-11-10 13:00:00,79654.0,79899.9,79540.0,79728.01,1458.86412,1731247199999,116309487.45350380,226573,719.00167000,57317061.29502310,0
2024-11-10 14:00:00,79728.01,79960.0,79200.0,79508.01,2759.50281,1731250799999,219400186.43273130,337226,1332.08764000,105949631.09267390,0
2024-11-10 15:00:00,79508.0,79758.88,79379.9,79694.03,1527.98427,1731254399999,121657334.97296870,279504,800.27814000,63719284.90560790,0
2024-11-10 16:00:00,79694.03,79782.29,79486.01,79775.99,1313.89455,1731257999999,104686309.47131010,187028,623.45031000,49682705.09865860,0
2024-11-10 17:00:00,79776.0,80703.1,79648.0,80333.01,3087.363909,1731261599999,247700461.83550513,297224,1856.73981900,148941362.09962343,0
2024-11-10 18:00:00,80333.01,81069.99,80333.01,80538.04,3698.355042,1731265199999,298690731.84797604,383425,1856.39904200,149937192.52412684,0
2024-11-10 19:00:00,80538.04,80845.19,79324.59,79748.99,3215.15386,1731268799999,257378129.00437010,322666,1392.49524000,111457306.45639100,0
2024-11-10 20:00:00,79748.99,79907.66,78940.77,78950.01,3517.83206,1731272399999,279249166.75605830,328044,1777.36139000,141113947.70968890,0
2024-11-10 21:00:00,78950.0,80004.09,78473.13,79873.97,2794.88034,1731275999999,221575771.77239460,403755,1476.09390000,117153688.08593210,0
2024-11-10 22:00:00,79873.98,81500.0,79788.01,80614.01,3744.267365,1731279599999,302207402.86122535,463881,2111.94472500,170450842.04329355,0
2024-11-10 23:00:00,80614.0,80700.0,79945.23,80370.01,2282.97194,1731283199999,183385866.10310630,289883,1036.79838000,83289577.79727820,0
2024-11-11 00:00:00,80370.01,80625.0,80216.01,80606.01,635.50062,1731286799999,51099640.87059320,134429,317.92275000,25564297.62098770,0
